{
  "project_info": {
    "project_number": "845367592304",
    "firebase_url": "https://chatapp-e94f9.firebaseio.com",
    "project_id": "chatapp-e94f9",
    "storage_bucket": "chatapp-e94f9.appspot.com"
  },
  "client": [
    {
      "client_info": {
        "mobilesdk_app_id": "1:845367592304:android:8557d125e4c4189cbb3bb5",
        "android_client_info": {
          "package_name": "com.koddev.chatapp"
        }
      },
      "oauth_client": [
        {
          "client_id": "845367592304-40d61bes4bgnph0cns5cvrcomo0fnnim.apps.googleusercontent.com",
          "client_type": 1,
          "android_info": {
            "package_name": "com.koddev.chatapp",
            "certificate_hash": "66ead2d402f5457ed0851afdb8c00076a867111f"
          }
        },
        {
          "client_id": "845367592304-nbrd0tnkg5pv1hn5lkujkak0v9gpsoj1.apps.googleusercontent.com",
          "client_type": 3
        }
      ],
      "api_key": [
        {
          "current_key": "AIzaSyDJOqYk-BFkJkB-dixg4CeZkGLQNh83xQk"
        }
      ],
      "services": {
        "appinvite_service": {
          "other_platform_oauth_client": [
            {
              "client_id": "845367592304-nbrd0tnkg5pv1hn5lkujkak0v9gpsoj1.apps.googleusercontent.com",
              "client_type": 3
            }
          ]
        }
      }
    },
    {
      "client_info": {
        "mobilesdk_app_id": "1:845367592304:android:3ffa337f1ea422e5bb3bb5",
        "android_client_info": {
          "package_name": "com.project.chatapp"
        }
      },
      "oauth_client": [
        {
          "client_id": "845367592304-nbrd0tnkg5pv1hn5lkujkak0v9gpsoj1.apps.googleusercontent.com",
          "client_type": 3
        }
      ],
      "api_key": [
        {
          "current_key": "AIzaSyDJOqYk-BFkJkB-dixg4CeZkGLQNh83xQk"
        }
      ],
      "services": {
        "appinvite_service": {
          "other_platform_oauth_client": [
            {
              "client_id": "845367592304-nbrd0tnkg5pv1hn5lkujkak0v9gpsoj1.apps.googleusercontent.com",
              "client_type": 3
            }
          ]
        }
      }
    }
  ],
  "configuration_version": "1"
}